{"cameraMode":{"drawMode":0,"name":"Shaded","section":"Shading Mode"},"sceneLighting":false,"audioPlay":false,"sceneViewState":{"m_AlwaysRefresh":false,"showFog":true,"showSkybox":false,"showFlares":true,"showImageEffects":true,"showParticleSystems":true,"showVisualEffectGraphs":true,"m_FxEnabled":true},"in2DMode":false,"pivot":{"x":0.290258526802063,"y":0.953386127948761,"z":2.6507997512817385},"rotation":{"x":-0.020766332745552064,"y":-0.2215878963470459,"z":0.004967436660081148,"w":-0.975014328956604},"size":0.5104681849479675,"orthographic":false}