{"cameraMode":{"drawMode":0,"name":"Shaded","section":"Shading Mode"},"sceneLighting":true,"audioPlay":false,"sceneViewState":{"m_AlwaysRefresh":false,"showFog":true,"showSkybox":true,"showFlares":true,"showImageEffects":true,"showParticleSystems":true,"showVisualEffectGraphs":true,"m_FxEnabled":true},"in2DMode":false,"pivot":{"x":134.83416748046876,"y":-11.761340141296387,"z":121.87153625488281},"rotation":{"x":-0.07641980797052384,"y":-0.40691274404525759,"z":0.03446557745337486,"w":-0.9097276926040649},"size":103.21775817871094,"orthographic":false}