{"cameraMode":{"drawMode":0,"name":"Shaded","section":"Shading Mode"},"sceneLighting":true,"audioPlay":false,"sceneViewState":{"m_AlwaysRefresh":false,"showFog":true,"showSkybox":true,"showFlares":true,"showImageEffects":true,"showParticleSystems":true,"showVisualEffectGraphs":true,"m_FxEnabled":true},"in2DMode":false,"pivot":{"x":-50.589447021484378,"y":15.360400199890137,"z":55.41446304321289},"rotation":{"x":-0.09369208663702011,"y":0.5513688921928406,"z":-0.06287620216608048,"w":-0.8267170786857605},"size":57.581085205078128,"orthographic":false}