{"cameraMode":{"drawMode":0,"name":"Shaded","section":"Shading Mode"},"sceneLighting":true,"audioPlay":false,"sceneViewState":{"m_AlwaysRefresh":false,"showFog":true,"showSkybox":true,"showFlares":true,"showImageEffects":true,"showParticleSystems":true,"showVisualEffectGraphs":true,"m_FxEnabled":true},"in2DMode":false,"pivot":{"x":32.88748550415039,"y":38.991397857666019,"z":-85.56459045410156},"rotation":{"x":-0.102747343480587,"y":0.1011485829949379,"z":-0.010499783791601658,"w":-0.9894959926605225},"size":0.0016031323466449977,"orthographic":false}